time;V(Net-_Q1-G_);
0;6.36778;
1e-07;6.36874;
1.19385e-07;6.36897;
1.58154e-07;6.36958;
2.11566e-07;6.37136;
2.38443e-07;6.37302;
2.7719e-07;6.37757;
3.03489e-07;6.38312;
3.24421e-07;6.39001;
3.43468e-07;6.39923;
3.61784e-07;6.41205;
3.80047e-07;6.4305;
3.98198e-07;6.45702;
4.16368e-07;6.49546;
4.34564e-07;6.55102;
4.54779e-07;6.64062;
4.74952e-07;6.76627;
4.958e-07;6.93271;
5.21635e-07;7.16606;
5.43804e-07;7.36734;
5.62697e-07;7.52894;
5.81468e-07;7.67703;
5.97537e-07;7.79417;
6.06848e-07;7.86024;
6.12097e-07;7.89814;
6.17091e-07;7.93486;
6.19987e-07;7.95644;
6.23508e-07;7.98285;
6.27622e-07;8.01385;
6.33063e-07;8.05497;
6.38838e-07;8.09861;
6.47657e-07;8.16488;
6.60669e-07;8.26126;
6.75079e-07;8.36542;
7.039e-07;8.56364;
7.35429e-07;8.76382;
7.98486e-07;9.11216;
8.75417e-07;9.45309;
9.74396e-07;9.78363;
1.10155e-06;10.0792;
1.18064e-06;10.2097;
1.27395e-06;10.328;
1.37012e-06;10.4198;
1.48734e-06;10.5019;
1.62243e-06;10.568;
1.76637e-06;10.6155;
1.91781e-06;10.6487;
2.05838e-06;10.6691;
2.18783e-06;10.6819;
2.32789e-06;10.6912;
2.45356e-06;10.6969;
2.56783e-06;10.7003;
2.68942e-06;10.7029;
2.78384e-06;10.7042;
2.87597e-06;10.7051;
2.96489e-06;10.7058;
3.0562e-06;10.7062;
3.14277e-06;10.7065;
3.22815e-06;10.7067;
3.31058e-06;10.7068;
3.39119e-06;10.7069;
3.46762e-06;10.7069;
3.53815e-06;10.7069;
3.60997e-06;10.7069;
3.68296e-06;10.7069;
3.74885e-06;10.7069;
3.81311e-06;10.7069;
3.87872e-06;10.7069;
3.94559e-06;10.7068;
4.00939e-06;10.7068;
4.08037e-06;10.7068;
4.14522e-06;10.7068;
4.21956e-06;10.7068;
4.28718e-06;10.7068;
4.36782e-06;10.7068;
4.44533e-06;10.7068;
4.54425e-06;10.7068;
4.64087e-06;10.7067;
4.77595e-06;10.7067;
4.9035e-06;10.7067;
5.07758e-06;10.7067;
5.25661e-06;10.7067;
5.50055e-06;10.7067;
5.75242e-06;10.7067;
6.12107e-06;10.7067;
6.49103e-06;10.7067;
6.77165e-06;10.7067;
7.01588e-06;10.7067;
7.33127e-06;10.7067;
7.48926e-06;10.7067;
7.64068e-06;10.7067;
7.82748e-06;10.7067;
8.07567e-06;10.7067;
8.33675e-06;10.7067;
8.60915e-06;10.7067;
8.88364e-06;10.7067;
9.11151e-06;10.7067;
9.3518e-06;10.7067;
9.58806e-06;10.7067;
9.9164e-06;10.7067;
1.03389e-05;10.7067;
1.08531e-05;10.7067;
1.1506e-05;10.7067;
1.22774e-05;10.7067;
1.33007e-05;10.7067;
1.45453e-05;10.7067;
1.60041e-05;10.7067;
1.77161e-05;10.7067;
1.98916e-05;10.7067;
2.26421e-05;10.7067;
2.63962e-05;10.7067;
3.16297e-05;10.7067;
3.68953e-05;10.7067;
4.00093e-05;10.7067;
4.29292e-05;10.7067;
4.61369e-05;10.7067;
4.98434e-05;10.7067;
5.425e-05;10.7067;
5.95421e-05;10.7067;
6.57897e-05;10.7067;
7.2905e-05;10.7067;
7.88761e-05;10.7067;
8.44751e-05;10.7067;
9.0551e-05;10.7067;
9.67753e-05;10.7067;
0.000103956;10.7067;
0.000113956;10.7067;
0.000123956;10.7067;
0.000133956;10.7067;
0.000143956;10.7067;
0.000153956;10.7067;
0.000163956;10.7067;
0.000173956;10.7067;
0.000183956;10.7067;
0.000187776;10.7067;
0.00019016;10.7067;
0.000191798;10.7067;
0.000193332;10.7067;
0.000194637;10.7067;
0.000195876;10.7067;
0.000196898;10.7067;
0.000197908;10.7067;
0.000198978;10.7067;
0.000199847;10.7067;
0.000200487;10.7067;
0.00020092;10.7067;
0.00020123;10.7067;
0.000201489;10.7067;
0.000201751;10.7067;
0.000202036;10.7067;
0.000202377;10.7067;
0.000202748;10.7067;
0.000202906;10.7067;
0.000202996;10.7067;
0.000203093;10.7067;
0.000203156;10.7067;
0.000203231;10.7067;
0.000203321;10.7067;
0.000203434;10.7067;
0.000203476;10.7067;
0.000203496;10.7067;
0.000203511;10.7067;
0.000203528;10.7067;
0.000203545;10.7067;
0.000203567;10.7066;
0.000203581;10.7065;
0.000203593;10.7064;
0.000203604;10.7063;
0.000203614;10.7061;
0.000203623;10.7059;
0.000203632;10.7055;
0.000203637;10.7053;
0.000203642;10.7049;
0.000203647;10.7046;
0.000203652;10.7042;
0.000203659;10.7036;
0.000203669;10.7027;
0.00020368;10.7017;
0.000203685;10.7013;
0.000203689;10.7012;
0.000203691;10.7012;
0.000203693;10.7012;
0.000203694;10.7012;
0.000203695;10.7012;
0.000203696;10.7012;
0.000203698;10.7012;
0.000203701;10.7013;
0.000203704;10.7014;
0.000203707;10.7017;
0.000203711;10.7021;
0.000203719;10.7033;
0.000203727;10.7052;
0.000203738;10.7093;
0.000203748;10.7141;
0.000203751;10.7162;
0.000203753;10.7173;
0.000203755;10.718;
0.000203756;10.7187;
0.000203758;10.7191;
0.00020376;10.7192;
0.000203761;10.7189;
0.000203764;10.7178;
0.000203768;10.7141;
0.000203773;10.7095;
0.000203779;10.7047;
0.000203786;10.6999;
0.000203793;10.6859;
0.000203801;10.6477;
0.000203807;10.6025;
0.000203813;10.5584;
0.000203818;10.5066;
0.000203824;10.4559;
0.000203828;10.408;
0.000203832;10.3719;
0.000203835;10.3367;
0.000203837;10.3185;
0.000203838;10.303;
0.000203839;10.2855;
0.00020384;10.2577;
0.000203841;10.2286;
0.000203842;10.1991;
0.000203843;10.1564;
0.000203846;10.0823;
0.000203848;9.9939;
0.000203851;9.86912;
0.000203855;9.73088;
0.000203859;9.56825;
0.000203865;9.33814;
0.000203877;8.88037;
0.000203888;8.46174;
0.0002039;7.98231;
0.000203914;7.45017;
0.000203927;6.94051;
0.00020395;6.07122;
0.000203977;5.09439;
0.000204002;4.23131;
0.000204015;3.77602;
0.000204023;3.5132;
0.000204028;3.34692;
0.000204031;3.22275;
0.000204034;3.12652;
0.000204037;3.05117;
0.000204039;2.992;
0.00020404;2.94505;
0.000204041;2.90665;
0.000204042;2.87155;
0.000204043;2.82381;
0.000204045;2.76973;
0.000204046;2.71287;
0.000204048;2.6526;
0.000204049;2.59855;
0.000204051;2.53376;
0.000204052;2.49519;
0.000204053;2.4576;
0.000204055;2.41644;
0.000204056;2.36789;
0.000204058;2.31295;
0.000204061;2.26113;
0.000204063;2.19978;
0.000204067;2.1209;
0.000204072;2.03979;
0.000204079;1.95751;
0.000204085;1.89529;
0.000204094;1.82954;
0.000204104;1.77905;
0.00020412;1.72705;
0.000204135;1.70336;
0.000204153;1.68692;
0.000204174;1.67328;
0.000204196;1.66152;
0.000204222;1.65073;
0.000204257;1.63969;
0.000204306;1.62733;
0.000204378;1.61;
0.000204407;1.60187;
0.000204424;1.59685;
0.00020443;1.59428;
0.000204432;1.59334;
0.000204434;1.59309;
0.000204435;1.59302;
0.000204436;1.59297;
0.000204437;1.59297;
0.000204438;1.59298;
0.00020444;1.59299;
0.000204441;1.593;
0.000204442;1.59299;
0.000204443;1.59297;
0.000204444;1.59293;
0.000204445;1.59288;
0.000204446;1.5928;
0.000204447;1.59271;
0.000204448;1.59261;
0.000204449;1.59248;
0.00020445;1.59234;
0.000204451;1.59218;
0.000204452;1.592;
0.000204453;1.59177;
0.000204454;1.59148;
0.000204455;1.59109;
0.000204457;1.59059;
0.000204459;1.58988;
0.000204462;1.58886;
0.000204466;1.58723;
0.000204471;1.58448;
0.000204478;1.57895;
0.000204493;1.56505;
0.000204522;1.52297;
0.000204579;1.3857;
0.000204627;1.22697;
0.000204671;1.04949;
0.000204722;0.819811;
0.000204781;0.520247;
0.000204814;0.349332;
0.000204836;0.234591;
0.00020485;0.171458;
0.000204865;0.126284;
0.000204879;0.0961464;
0.000204895;0.0741452;
0.000204912;0.0586113;
0.00020493;0.04645;
0.000204949;0.0370973;
0.000204972;0.0292307;
0.000204997;0.0226692;
0.000205027;0.0170276;
0.000205061;0.0120236;
0.000205101;0.00766704;
0.000205148;0.00368116;
0.000205199;0.00044507;
0.000205257;-0.00235228;
0.000205311;-0.00428718;
0.000205361;-0.00577895;
0.000205414;-0.0070726;
0.000205508;-0.00880304;
0.000205604;-0.0100349;
0.000205743;-0.0112217;
0.000205876;-0.0119066;
0.000206018;-0.0123867;
0.000206155;-0.0126653;
0.000206365;-0.0129357;
0.000206561;-0.0130579;
0.000206801;-0.0131505;
0.000206882;-0.0131603;
0.000206923;-0.0131742;
0.00020696;-0.0131744;
0.000206976;-0.0131817;
0.000206986;-0.0131795;
0.000206994;-0.0131828;
0.000207003;-0.0131831;
0.000207012;-0.0131844;
0.000207022;-0.0131863;
0.000207031;-0.0131861;
0.00020704;-0.0131889;
0.000207049;-0.0131881;
0.000207059;-0.0131914;
0.00020707;-0.0131903;
0.000207083;-0.0131941;
0.000207097;-0.0131931;
0.000207115;-0.0131975;
0.000207138;-0.0131971;
0.000207167;-0.0132023;
0.000207206;-0.0132028;
0.000207258;-0.0132093;
0.000207328;-0.0132109;
0.000207431;-0.0132188;
0.000207553;-0.0132208;
0.000207725;-0.0132282;
0.000207947;-0.0132293;
0.000208264;-0.0132349;
0.000208695;-0.0132339;
0.000209351;-0.0132373;
0.000210222;-0.0132348;
0.000211695;-0.0132374;
0.000213235;-0.0132349;
0.000214815;-0.0132378;
0.000216544;-0.0132352;
0.000218188;-0.0132383;
0.000219878;-0.013236;
0.000221516;-0.0132392;
0.000223209;-0.0132371;
0.000224873;-0.0132407;
0.000226583;-0.0132392;
0.000228282;-0.0132433;
0.00023003;-0.0132423;
0.000231793;-0.013247;
0.000233625;-0.0132466;
0.000235507;-0.0132516;
0.000237509;-0.0132513;
0.000239629;-0.0132564;
0.000241925;-0.0132559;
0.000244438;-0.0132606;
0.000247247;-0.0132598;
0.000250408;-0.0132641;
0.000254033;-0.0132629;
0.000258212;-0.0132669;
0.000263116;-0.0132653;
0.000268895;-0.0132689;
0.000275825;-0.0132671;
0.000284168;-0.0132704;
0.000294168;-0.0132683;
0.000304168;-0.0132714;
0.000314168;-0.013269;
0.000324168;-0.0132719;
0.000334168;-0.0132694;
0.000344168;-0.0132722;
0.000354168;-0.0132696;
0.000364168;-0.0132724;
0.000374168;-0.0132698;
0.000381774;-0.0132725;
0.000385803;-0.0132698;
0.000389752;-0.0132725;
0.000393864;-0.0132699;
0.000396299;-0.0132726;
0.000397854;-0.0132699;
0.000399026;-0.0132726;
0.000400066;-0.0132699;
0.000401097;-0.0132726;
0.000402226;-0.0132698;
0.000403414;-0.0132725;
0.00040495;-0.0132698;
0.000405528;-0.0132725;
0.000405635;-0.0132712;
0.000405848;-0.0132713;
0.000406074;-0.0132715;
0.000406238;-0.0132721;
0.00040635;-0.0132728;
0.000406435;-0.0132734;
0.000406497;-0.0132736;
0.000406544;-0.013273;
0.00040658;-0.0132708;
0.000406606;-0.0132658;
0.000406626;-0.0132559;
0.000406643;-0.0132362;
0.000406659;-0.0131983;
0.000406674;-0.0131588;
0.000406686;-0.013141;
0.000406698;-0.0131287;
0.00040671;-0.0131246;
0.000406721;-0.0131241;
0.000406733;-0.0131279;
0.000406745;-0.0131415;
0.000406757;-0.0132542;
0.000406767;-0.0139387;
0.000406774;-0.0151089;
0.000406777;-0.0159761;
0.00040678;-0.0168042;
0.000406784;-0.0177732;
0.000406788;-0.019113;
0.000406792;-0.0205161;
0.000406797;-0.0221822;
0.000406803;-0.0244327;
0.000406812;-0.0276373;
0.000406821;-0.0308475;
0.000406826;-0.0327482;
0.000406832;-0.0340559;
0.000406836;-0.0344792;
0.000406841;-0.0345996;
0.000406846;-0.0343143;
0.000406853;-0.0334043;
0.000406857;-0.0318242;
0.000406861;-0.0300471;
0.000406864;-0.0284074;
0.000406866;-0.0269523;
0.000406867;-0.0258511;
0.000406869;-0.024677;
0.00040687;-0.0237792;
0.00040687;-0.0232829;
0.000406871;-0.0228499;
0.000406872;-0.0224297;
0.000406873;-0.021938;
0.000406874;-0.0214976;
0.000406875;-0.0210939;
0.000406877;-0.0206726;
0.000406878;-0.0202742;
0.000406879;-0.0198323;
0.000406881;-0.019376;
0.000406883;-0.0187196;
0.000406887;-0.0179389;
0.000406891;-0.0171529;
0.000406897;-0.0162348;
0.000406903;-0.015494;
0.00040691;-0.0147829;
0.000406918;-0.0141545;
0.00040693;-0.0134953;
0.000406945;-0.0128681;
0.000406964;-0.012147;
0.000406972;-0.0111056;
0.00040698;-0.00915549;
0.000406985;-0.00727377;
0.000406988;-0.00427355;
0.000406991;0.000821742;
0.000406992;0.00697803;
0.000406994;0.0156301;
0.000406996;0.0280236;
0.000406998;0.0453849;
0.000407002;0.0805728;
0.000407008;0.13218;
0.000407014;0.192447;
0.00040702;0.26674;
0.000407023;0.299233;
0.000407024;0.326716;
0.000407025;0.351613;
0.000407026;0.377887;
0.000407026;0.417295;
0.000407027;0.43458;
0.000407027;0.448608;
0.000407028;0.463361;
0.000407028;0.480234;
0.000407029;0.499974;
0.00040703;0.539226;
0.000407032;0.584265;
0.000407033;0.631281;
0.000407035;0.700809;
0.000407039;0.827451;
0.000407044;0.995724;
0.000407051;1.22658;
0.000407057;1.44902;
0.000407065;1.68502;
0.000407071;1.8964;
0.00040708;2.14799;
0.000407086;2.32007;
0.000407093;2.53341;
0.0004071;2.74169;
0.000407115;3.14388;
0.000407131;3.54935;
0.000407138;3.72121;
0.000407142;3.82286;
0.000407144;3.87355;
0.000407146;3.89883;
0.000407148;3.91962;
0.00040715;3.93929;
0.000407152;3.95789;
0.000407154;3.97766;
0.000407157;4.00242;
0.000407162;4.04305;
0.00040717;4.10559;
0.000407178;4.16608;
0.000407187;4.21776;
0.000407196;4.26313;
0.000407199;4.27513;
0.0004072;4.28051;
0.000407201;4.28233;
0.000407201;4.28326;
0.000407201;4.28381;
0.000407201;4.28434;
0.000407201;4.28481;
0.000407202;4.28524;
0.000407202;4.2856;
0.000407202;4.2859;
0.000407202;4.28627;
0.000407203;4.28708;
0.000407204;4.28902;
0.000407205;4.29353;
0.000407206;4.30183;
0.000407208;4.31064;
0.000407209;4.31914;
0.00040721;4.32607;
0.000407212;4.33331;
0.000407216;4.34703;
0.000407221;4.36727;
0.000407227;4.38658;
0.000407238;4.42014;
0.000407259;4.46738;
0.000407266;4.48175;
0.00040727;4.50616;
0.000407272;4.53005;
0.000407273;4.56259;
0.000407273;4.57508;
0.000407274;4.59318;
0.000407275;4.61889;
0.000407277;4.6583;
0.000407279;4.70063;
0.000407281;4.76235;
0.000407284;4.81784;
0.000407287;4.89624;
0.000407291;4.97805;
0.000407296;5.08222;
0.000407302;5.19588;
0.000407309;5.3349;
0.000407317;5.48794;
0.000407328;5.67097;
0.00040734;5.86967;
0.000407354;6.08642;
0.000407367;6.2749;
0.000407381;6.48182;
0.000407395;6.6617;
0.000407408;6.83654;
0.000407421;6.98846;
0.000407433;7.12517;
0.000407444;7.24904;
0.000407456;7.38684;
0.000407477;7.6032;
0.000407499;7.81471;
0.00040753;8.08753;
0.000407572;8.41363;
0.000407623;8.75978;
0.000407679;9.07389;
0.000407747;9.38833;
0.00040783;9.68716;
0.000407931;9.95811;
0.000408043;10.1717;
0.000408139;10.3025;
0.000408222;10.3884;
0.000408312;10.4611;
0.000408447;10.5404;
0.000408598;10.5995;
0.000408743;10.6368;
0.000408896;10.6628;
0.000409034;10.6784;
0.000409165;10.6884;
0.000409304;10.6955;
0.00040944;10.7;
0.00040955;10.7024;
0.000409667;10.7042;
0.000409769;10.7052;
0.000409869;10.7059;
0.000409972;10.7064;
0.000410061;10.7066;
0.000410155;10.7068;
0.000410233;10.7068;
0.000410316;10.7069;
0.000410386;10.7069;
0.000410458;10.7069;
0.000410522;10.7069;
0.000410588;10.7069;
0.000410654;10.7069;
0.000410714;10.7069;
0.000410781;10.7069;
0.000410842;10.7068;
0.000410909;10.7068;
0.000410971;10.7068;
0.00041104;10.7068;
0.000411103;10.7068;
0.000411173;10.7068;
0.000411241;10.7068;
0.000411316;10.7068;
0.000411395;10.7068;
0.000411487;10.7067;
0.000411589;10.7067;
0.000411722;10.7067;
0.000411877;10.7067;
0.00041212;10.7067;
0.000412412;10.7067;
0.000412697;10.7067;
0.000412985;10.7067;
0.000413281;10.7067;
0.000413747;10.7067;
0.000414144;10.7067;
0.000414552;10.7067;
0.000415014;10.7067;
0.000415688;10.7067;
0.000416428;10.7067;
0.000417447;10.7067;
0.000417826;10.7067;
0.000418058;10.7067;
0.00041832;10.7067;
0.000418487;10.7067;
0.000418654;10.7067;
0.00041884;10.7067;
0.000419105;10.7067;
0.000419363;10.7067;
0.000419619;10.7067;
0.000419889;10.7067;
0.000420115;10.7067;
0.000420342;10.7067;
0.000420591;10.7067;
0.000420947;10.7067;
0.0004214;10.7067;
0.000421942;10.7067;
0.000422636;10.7067;
0.000423455;10.7067;
0.000424557;10.7067;
0.000425859;10.7067;
0.000427412;10.7067;
0.000429204;10.7067;
0.000431588;10.7067;
0.000434599;10.7067;
0.000439686;10.7067;
0.000447859;10.7067;
0.000457859;10.7067;
0.000467859;10.7067;
0.000477859;10.7067;
0.000487859;10.7067;
0.000497859;10.7067;
0.000507859;10.7067;
0.000517859;10.7067;
0.000527859;10.7067;
0.000537859;10.7067;
0.000547859;10.7067;
0.000557859;10.7067;
0.000562243;10.7067;
0.000565428;10.7067;
0.00056902;10.7067;
0.000573244;10.7067;
0.000578508;10.7067;
0.00058385;10.7067;
0.000590025;10.7067;
0.000594619;10.7067;
0.000597276;10.7067;
0.000598968;10.7067;
0.000601201;10.7067;
0.000603067;10.7067;
0.000604494;10.7067;
0.000605868;10.7067;
0.000606829;10.7067;
0.000607733;10.7067;
0.00060868;10.7067;
0.000609653;10.7067;
0.000610401;10.7067;
0.000610938;10.7067;
0.000611305;10.7067;
0.000611584;10.7067;
0.000611837;10.7067;
0.00061214;10.7067;
0.000612426;10.7067;
0.000612848;10.7067;
0.000613004;10.7067;
0.00061311;10.7067;
0.000613175;10.7067;
0.000613256;10.7067;
0.000613331;10.7067;
0.000613403;10.7067;
0.000613474;10.7067;
0.000613587;10.7067;
0.000613666;10.7067;
0.000613705;10.7067;
0.000613727;10.7067;
0.000613742;10.7067;
0.000613758;10.7067;
0.000613777;10.7067;
0.000613797;10.7066;
0.000613811;10.7065;
0.000613823;10.7064;
0.000613834;10.7063;
0.000613844;10.7061;
0.000613853;10.7059;
0.000613862;10.7055;
0.000613867;10.7053;
0.000613873;10.7049;
0.000613877;10.7046;
0.000613882;10.7042;
0.000613889;10.7036;
0.000613898;10.7028;
0.00061391;10.7017;
0.000613916;10.7013;
0.00061392;10.7012;
0.000613922;10.7012;
0.000613923;10.7012;
0.000613924;10.7012;
0.000613925;10.7012;
0.000613927;10.7012;
0.000613929;10.7012;
0.000613932;10.7013;
0.000613935;10.7014;
0.000613938;10.7017;
0.000613942;10.7021;
0.000613949;10.7033;
0.000613957;10.7053;
0.000613969;10.7094;
0.000613978;10.7141;
0.000613982;10.7163;
0.000613983;10.7173;
0.000613985;10.7181;
0.000613986;10.7187;
0.000613988;10.7191;
0.00061399;10.7192;
0.000613992;10.7189;
0.000613994;10.7178;
0.000613999;10.714;
0.000614003;10.7095;
0.000614009;10.7046;
0.000614017;10.6999;
0.000614024;10.686;
0.000614031;10.6478;
0.000614038;10.6026;
0.000614043;10.5586;
0.000614049;10.5068;
0.000614054;10.4557;
0.000614059;10.4019;
0.000614063;10.363;
0.000614067;10.325;
0.000614068;10.3034;
0.000614069;10.2841;
0.000614071;10.252;
0.000614072;10.2237;
0.000614073;10.194;
0.000614074;10.1475;
0.000614076;10.075;
0.000614079;9.98355;
0.000614082;9.87163;
0.000614085;9.74363;
0.00061409;9.55884;
0.000614096;9.33099;
0.000614106;8.92932;
0.000614118;8.48665;
0.000614131;7.97936;
0.000614144;7.46674;
0.000614157;6.96792;
0.00061418;6.10797;
0.000614204;5.23597;
0.000614229;4.34661;
0.000614243;3.85801;
0.000614251;3.58273;
0.000614256;3.40024;
0.000614261;3.25798;
0.000614264;3.15859;
0.000614266;3.07321;
0.000614268;3.01042;
0.00061427;2.95947;
0.000614271;2.91859;
0.000614272;2.88376;
0.000614273;2.84248;
0.000614274;2.79895;
0.000614276;2.75355;
0.000614277;2.70248;
0.000614279;2.63884;
0.00061428;2.57751;
0.000614282;2.51551;
0.000614283;2.48235;
0.000614284;2.44109;
0.000614286;2.3997;
0.000614288;2.34831;
0.000614289;2.29714;
0.000614292;2.24096;
0.000614295;2.17732;
0.0006143;2.08281;
0.000614305;2.00977;
0.000614311;1.93149;
0.000614318;1.8721;
0.000614328;1.80641;
0.000614339;1.76136;
0.000614352;1.72452;
0.000614369;1.70022;
0.000614386;1.6851;
0.000614409;1.67019;
0.000614431;1.65948;
0.000614459;1.64854;
0.000614495;1.63775;
0.00061455;1.62424;
0.000614624;1.60579;
0.000614651;1.59774;
0.000614662;1.59374;
0.000614664;1.59304;
0.000614666;1.59298;
0.000614667;1.59297;
0.000614668;1.59296;
0.000614669;1.59297;
0.00061467;1.59298;
0.000614671;1.59299;
0.000614672;1.59298;
0.000614673;1.59296;
0.000614674;1.59293;
0.000614675;1.59287;
0.000614676;1.5928;
0.000614677;1.59272;
0.000614678;1.59261;
0.000614679;1.59249;
0.00061468;1.59235;
0.000614681;1.59219;
0.000614682;1.59201;
0.000614683;1.59179;
0.000614684;1.59151;
0.000614686;1.59114;
0.000614687;1.59065;
0.00061469;1.58998;
0.000614692;1.58901;
0.000614696;1.5875;
0.0006147;1.58496;
0.000614707;1.58003;
0.00061472;1.56814;
0.000614746;1.53268;
0.000614798;1.41776;
0.000614846;1.26858;
0.00061489;1.09785;
0.000614942;0.866807;
0.000614995;0.608616;
0.000615038;0.382723;
0.000615064;0.2458;
0.000615081;0.1696;
0.000615096;0.124334;
0.000615111;0.0941698;
0.000615127;0.0726866;
0.000615144;0.057281;
0.000615162;0.0456006;
0.000615181;0.0363553;
0.000615204;0.0286314;
0.00061523;0.0221602;
0.00061526;0.0165511;
0.000615294;0.0116594;
0.000615335;0.00726433;
0.000615382;0.00342978;
0.000615435;0.000125879;
0.000615491;-0.00248391;
0.000615537;-0.00415247;
0.000615584;-0.00557289;
0.000615629;-0.0067185;
0.000615714;-0.00842059;
0.000615815;-0.0098199;
0.000615939;-0.010973;
0.000616077;-0.0117777;
0.000616194;-0.0122267;
0.000616328;-0.0125607;
0.000616529;-0.0128682;
0.000616768;-0.0130497;
0.000617066;-0.013159;
0.000617152;-0.0131708;
0.00061719;-0.0131803;
0.000617209;-0.0131812;
0.000617219;-0.0131816;
0.000617228;-0.0131869;
0.000617237;-0.0131813;
0.000617249;-0.0131913;
0.00061726;-0.0131832;
0.000617271;-0.0131948;
0.000617282;-0.0131851;
0.000617293;-0.0131976;
0.000617303;-0.0131871;
0.000617315;-0.0132002;
0.000617327;-0.0131894;
0.00061734;-0.0132028;
0.000617356;-0.0131921;
0.000617374;-0.0132059;
0.000617397;-0.0131957;
0.000617425;-0.0132101;
0.000617461;-0.0132007;
0.000617507;-0.0132159;
0.00061757;-0.0132075;
0.000617649;-0.0132234;
0.000617766;-0.0132159;
0.000617903;-0.0132318;
0.000618136;-0.0132242;
0.000618386;-0.0132388;
0.000618832;-0.013229;
0.00061935;-0.0132419;
0.000620176;-0.0132302;
0.000621232;-0.0132422;
0.000622901;-0.01323;
0.000624665;-0.0132423;
0.000626396;-0.0132306;
0.000628021;-0.0132429;
0.000629682;-0.0132312;
0.000631332;-0.0132437;
0.000633018;-0.0132323;
0.000634689;-0.0132451;
0.000636388;-0.0132342;
0.000638087;-0.0132475;
0.000639823;-0.0132372;
0.000641581;-0.0132511;
0.000643393;-0.0132413;
0.000645264;-0.0132557;
0.000647236;-0.0132461;
0.000649313;-0.0132604;
0.000651565;-0.0132507;
0.000654017;-0.0132648;
0.000656751;-0.0132547;
0.000659814;-0.0132684;
0.00066332;-0.0132579;
0.000667345;-0.0132712;
0.000672062;-0.0132604;
0.000677599;-0.0132733;
0.000684231;-0.0132622;
0.000692182;-0.0132749;
0.000701916;-0.0132635;
0.000711916;-0.0132759;
0.000721916;-0.0132643;
0.000731916;-0.0132765;
0.000741916;-0.0132647;
0.000751916;-0.0132768;
0.000761916;-0.0132649;
0.000771916;-0.013277;
0.000781916;-0.0132651;
0.000786709;-0.0132771;
0.000790508;-0.0132651;
0.000794205;-0.0132771;
0.000798191;-0.0132652;
0.000802185;-0.0132772;
0.000805157;-0.0132652;
0.000807021;-0.0132772;
0.00080836;-0.0132652;
0.00080949;-0.0132772;
0.000810541;-0.0132652;
0.000811633;-0.0132772;
0.000812781;-0.0132652;
0.000814101;-0.0132772;
0.000815707;-0.0132652;
0.000816273;-0.0132776;
0.000816586;-0.0132675;
0.000816732;-0.01328;
0.000816802;-0.0132614;
0.000816837;-0.0132467;
0.000816857;-0.0131842;
0.000816872;-0.0131622;
0.000816881;-0.0131373;
0.00081689;-0.0131401;
0.000816899;-0.0131241;
0.000816908;-0.0131326;
0.000816917;-0.0131223;
0.000816928;-0.0131357;
0.000816941;-0.0131395;
0.000816955;-0.0133366;
0.000816965;-0.0141488;
0.000816969;-0.0150251;
0.000816974;-0.0160849;
0.000816977;-0.017057;
0.000816981;-0.0181769;
0.000816989;-0.0205553;
0.000816996;-0.0232951;
0.000817009;-0.0279858;
0.000817019;-0.0315683;
0.000817026;-0.0335974;
0.000817033;-0.0344744;
0.000817036;-0.0345861;
0.000817041;-0.0344529;
0.000817046;-0.0339264;
0.000817051;-0.0327997;
0.000817055;-0.0310612;
0.000817058;-0.0297525;
0.00081706;-0.0283761;
0.000817062;-0.027167;
0.000817063;-0.0261196;
0.000817065;-0.0248427;
0.000817066;-0.0238447;
0.000817067;-0.0233438;
0.000817067;-0.0228907;
0.000817068;-0.0224381;
0.000817069;-0.0219896;
0.000817071;-0.0215018;
0.000817072;-0.0211299;
0.000817073;-0.0207089;
0.000817074;-0.0202877;
0.000817075;-0.0198914;
0.000817077;-0.0193632;
0.000817079;-0.0188249;
0.000817083;-0.0179317;
0.000817087;-0.0172356;
0.000817092;-0.0163273;
0.000817098;-0.015559;
0.000817105;-0.0148572;
0.000817113;-0.0142078;
0.000817124;-0.0135761;
0.00081714;-0.0129122;
0.000817163;-0.0119423;
0.000817173;-0.0102316;
0.000817178;-0.00852047;
0.000817182;-0.00707617;
0.000817184;-0.00489477;
0.000817186;-0.001398;
0.000817188;0.00376968;
0.00081719;0.0114874;
0.000817192;0.0239626;
0.000817194;0.0384418;
0.000817197;0.064494;
0.000817203;0.123879;
0.000817209;0.181614;
0.000817216;0.251879;
0.000817218;0.285598;
0.00081722;0.312339;
0.000817221;0.334762;
0.000817222;0.356449;
0.000817222;0.383646;
0.000817223;0.423666;
0.000817223;0.435797;
0.000817224;0.449696;
0.000817224;0.464643;
0.000817225;0.483265;
0.000817225;0.503227;
0.000817227;0.54303;
0.000817228;0.584893;
0.00081723;0.635534;
0.000817232;0.705364;
0.000817236;0.836238;
0.000817241;1.00821;
0.000817248;1.2453;
0.000817255;1.46946;
0.000817262;1.70287;
0.000817269;1.91533;
0.000817277;2.16987;
0.000817283;2.34007;
0.00081729;2.55281;
0.000817298;2.76917;
0.000817313;3.18648;
0.000817329;3.59416;
0.000817336;3.76879;
0.00081734;3.8558;
0.000817342;3.88986;
0.000817344;3.91305;
0.000817346;3.93187;
0.000817348;3.95018;
0.00081735;3.96931;
0.000817353;3.99155;
0.000817356;4.02409;
0.000817362;4.07593;
0.000817372;4.14674;
0.000817381;4.20161;
0.00081739;4.25019;
0.000817394;4.2669;
0.000817396;4.27686;
0.000817397;4.28005;
0.000817397;4.28135;
0.000817397;4.28205;
0.000817397;4.28256;
0.000817397;4.28308;
0.000817398;4.2836;
0.000817398;4.28411;
0.000817398;4.28459;
0.000817398;4.28504;
0.000817398;4.28543;
0.000817398;4.28574;
0.000817399;4.28612;
0.000817399;4.28682;
0.0008174;4.28849;
0.000817401;4.2922;
0.000817403;4.3013;
0.000817404;4.31026;
0.000817405;4.31905;
0.000817407;4.3259;
0.000817409;4.33319;
0.000817412;4.34697;
0.000817417;4.3669;
0.000817423;4.38602;
0.000817435;4.4193;
0.000817455;4.46631;
0.000817462;4.48091;
0.000817466;4.50158;
0.000817468;4.52169;
0.000817469;4.54282;
0.000817469;4.5553;
0.00081747;4.5718;
0.000817471;4.59335;
0.000817472;4.62296;
0.000817473;4.65523;
0.000817475;4.70663;
0.000817477;4.7524;
0.00081748;4.81669;
0.000817483;4.88486;
0.000817487;4.97334;
0.000817492;5.06949;
0.000817498;5.19002;
0.000817505;5.32076;
0.000817513;5.47942;
0.000817523;5.65218;
0.000817535;5.8536;
0.000817549;6.07151;
0.000817561;6.24595;
0.000817577;6.46738;
0.000817592;6.67174;
0.000817604;6.82963;
0.000817615;6.96328;
0.000817627;7.09753;
0.000817637;7.21725;
0.000817649;7.35272;
0.00081767;7.56835;
0.000817691;7.76855;
0.000817723;8.05505;
0.000817761;8.35607;
0.000817813;8.71681;
0.000817865;9.01698;
0.000817932;9.33979;
0.000818009;9.6306;
0.000818109;9.91486;
0.000818217;10.1345;
0.000818341;10.3098;
0.000818427;10.397;
0.000818522;10.4713;
0.000818655;10.5459;
0.000818798;10.6009;
0.000818952;10.6395;
0.000819098;10.6638;
0.000819251;10.6804;
0.000819392;10.6903;
0.000819523;10.6964;
0.000819663;10.7007;
0.000819764;10.7028;
0.000819879;10.7044;
0.000819974;10.7053;
0.000820067;10.7059;
0.000820175;10.7064;
0.000820289;10.7067;
0.000820408;10.7068;
0.000820526;10.7069;
0.000820641;10.7069;
0.000820754;10.7069;
0.000820858;10.7069;
0.000820946;10.7069;
0.000821039;10.7068;
0.000821113;10.7068;
0.00082119;10.7068;
0.000821254;10.7068;
0.000821319;10.7068;
0.000821381;10.7068;
0.000821438;10.7068;
0.000821501;10.7068;
0.000821561;10.7068;
0.000821631;10.7068;
0.000821702;10.7067;
0.000821789;10.7067;
0.000821881;10.7067;
0.000822;10.7067;
0.000822136;10.7067;
0.000822338;10.7067;
0.000822586;10.7067;
0.000822858;10.7067;
0.000823133;10.7067;
0.000823439;10.7067;
0.000823863;10.7067;
0.000824229;10.7067;
0.000824619;10.7067;
0.000825074;10.7067;
0.00082568;10.7067;
0.000826477;10.7067;
0.000827507;10.7067;
0.000827913;10.7067;
0.00082816;10.7067;
0.000828508;10.7067;
0.000828668;10.7067;
0.000828822;10.7067;
0.000828997;10.7067;
0.000829248;10.7067;
0.000829518;10.7067;
0.000829794;10.7067;
0.000830061;10.7067;
0.000830315;10.7067;
0.000830546;10.7067;
0.000830805;10.7067;
0.000831168;10.7067;
0.000831634;10.7067;
0.00083219;10.7067;
0.000832901;10.7067;
0.000833743;10.7067;
0.000834876;10.7067;
0.0008362;10.7067;
0.000837781;10.7067;
0.000839626;10.7067;
0.000842068;10.7067;
0.000845082;10.7067;
0.000849637;10.7067;
0.000855823;10.7067;
0.000865823;10.7067;
0.000875823;10.7067;
0.000885823;10.7067;
0.000895823;10.7067;
0.000905823;10.7067;
0.000915823;10.7067;
0.000925823;10.7067;
0.000935823;10.7067;
0.000945823;10.7067;
0.000955823;10.7067;
0.000965823;10.7067;
0.000970534;10.7067;
0.000973708;10.7067;
0.000977005;10.7067;
0.000981474;10.7067;
0.000985821;10.7067;
0.000990719;10.7067;
0.000995683;10.7067;
0.001;10.7067;
